,value,value,value,value,value,value,value,value,value,value,value,value,value,value,value,value,value,value,value,value,value,value,value,value,value,value,value,value,value,value,value,value,value,value
recipes_id,1,2,3,4,5,6,7,8,9,10,11,12,13,14,15,16,17,18,19,20,21,22,23,24,25,26,27,28,29,30,31,32,33,34
user_id,,,,,,,,,,,,,,,,,,,,,,,,,,,,,,,,,,
1,3.9954232164043137,2.9063248113013507,3.7916979680789313,2.990479069562422,3.843224402290251,3.148629052708448,2.3040258011009946,3.1818916173557774,4.928448708821514,3.9192137423444766,2.2094081714169596,3.175289120310225,2.0233613990260912,3.990468381843386,2.3345952763346394,2.5197619452809974,3.622521780981771,3.402475668414931,3.6816508950710416,3.9432834105509342,3.3634893516614204,2.955534272066765,1.6433692496588042,3.3399893387167023,2.979429082663444,2.0288135637574913,3.241970684968945,3.9921084789906662,2.9223373463816165,2.2646651803617335,2.504942874329421,2.187550811088288,4.526440971032495,3.0022240704318497
2,4.943946760573716,2.0233975492541356,2.969131185203191,2.2782475550508923,3.52492639375278,3.07168518019793,2.190403582062485,3.272191666981858,3.2668646448417995,3.0193217812259805,1.6251933527272109,2.8378632547857627,3.0494182925024393,2.0258977262451783,2.9951187830349393,2.7126254941258736,1.8228453561387528,2.1461143771606985,4.3888541164931105,3.6600137962433554,4.986318336892487,3.188040757955705,3.2261719900429546,3.3611244848431823,2.938819532958513,2.234504237583471,2.0451883372616484,2.4346121109214676,2.7694025379507243,2.9550389881128236,2.9907872591933633,3.975403309786075,3.7992866075007923,3.991283778434796
3,3.0261497084972486,3.989195674173088,4.952207015806988,4.014216047911657,4.316154214369059,4.204833872109688,2.811507447736286,4.188642032364726,4.02555162417084,4.2209169819858765,3.740578408483909,3.343310694181759,4.965690815715872,4.108706471229126,3.26318138818955,3.8169651643459876,2.152320229244414,2.922095965443619,2.5062253650507667,2.542202003673869,3.489968242902333,3.005010930752722,3.0128547303988618,3.692407790386142,3.7329082475424866,4.065030927771597,3.846703602519119,4.269644059297172,3.466114087209318,3.305665345594479,1.543629637365424,2.6619199656100103,3.1829809367085624,3.882012539187575
4,4.985312439028594,4.982741261198735,4.966522978112295,4.964425242182137,5.012075223796654,5.023773546314258,3.8242789345200867,5.188776390800405,5.058976835380415,5.060486435253822,4.344067089398903,4.019804202791379,4.999342514428028,4.353751759211681,3.7168200095038357,4.464474466396048,3.19817520563331,3.7802880308991345,3.981960397155506,4.065470053189974,4.919814753691899,4.6733071972340445,3.7040593400366055,4.985367890067495,4.2047055696641005,4.524341293986807,4.564044275291579,5.055895611151282,3.507182460530461,3.6768300518389263,2.0993055533291805,4.4908190280869915,4.085582119806739,4.853928462127537
5,4.982059337436367,2.845582536769827,4.321704825941661,3.4106863251761688,4.401433493515921,3.7662977849437738,2.5862887794830502,3.863886111991563,4.992219448335176,4.080830365931789,2.590310092966318,3.632706979240392,3.4262551107795725,3.6536357447372314,2.8123676463021656,3.553317025481458,3.045765699825276,3.1945685371137134,4.966457336360574,3.1800729313305625,3.996332491700984,3.0611728281311668,2.7026745320841377,3.795439746703115,3.820812311587563,3.1264621510280692,2.635987414651668,4.362643756602346,3.0146157524698878,3.1422441466641615,2.998381038774237,2.0316161455080715,4.978214708888306,4.985840915444927
6,4.965275585970978,4.960256810764769,4.342985553404204,3.9597441212440656,4.674852559405282,4.609335642306595,3.611180676955912,4.795420980850032,4.42585240243831,4.805400708088792,3.774138896243758,4.0322428780585815,4.291985867449233,3.8309804478346408,4.2235964596567,3.9811223420967736,2.819045151216803,3.544916837553344,3.302565386413578,4.374051771721325,5.130493643629309,4.814991601430184,3.7174384680421495,4.942181612376092,4.175934627040633,4.063982008486355,5.062828583189741,4.103551620162597,3.708128754329771,3.9289762390305856,2.0103211296267647,4.982437907937743,4.003850898414604,3.0194683037937646
7,4.983492259162192,3.933243648552874,4.196442807702133,2.041076850535852,4.103831528696318,4.398007661873675,2.993724369016165,4.062134460456803,3.951719895819772,4.138830527931773,3.1536912754869113,4.967267992945307,4.982080474802555,4.793913385319237,4.248499925267572,4.9822014203147456,2.186599977022522,2.938624266583034,3.894702009393307,4.453259568051127,5.003666607769235,4.995597910880223,4.983261428726744,4.677455814887275,4.668172702032918,3.829291337160038,3.8001567925003705,3.582239877695881,4.921723991143639,4.350924583285466,4.717687143823866,4.685140066818322,4.8015595079968225,4.005293341109613
8,4.011859183988633,4.985764802837967,4.994086794477284,4.200098324771653,4.825666936982698,4.546395942795196,3.4934578231074482,4.55877296770148,5.01728282468537,5.006897792770731,4.206591533986668,4.118496859324269,4.4343928803873816,4.991182035141313,3.571547047302915,4.165238228716449,2.963308797658467,3.8835974786922014,2.9008647027438244,3.6581044731321257,4.3177026127717895,3.933846273038963,3.0027937527589703,4.598979932012186,4.3677247358435105,4.332260494041682,4.9620956765571735,4.9663894154400285,3.5762714774548576,3.5280738343609093,1.9950313577877752,3.281689140498697,3.9252719729579053,3.723795053111448
9,4.9866042752625885,4.518664969397719,5.000168310375162,4.154105929496417,4.801912707428719,4.75833376102728,3.468217124802323,4.844175525318563,4.92586038613341,4.761010204693927,4.177169096470144,4.361591721240235,4.995955513088655,4.902683105435745,3.4217806500229533,4.975045789771996,3.025520700465132,3.5424826608667894,3.997236454294404,3.8139474747881437,4.954686819233266,4.625020733387077,4.04201756317146,4.778463238913348,4.478221199027217,4.45900100811967,4.02482183036011,4.9769868883688515,3.9999148748424243,3.4676791395841016,2.8277684603847097,4.029497205409436,4.495491311751738,5.12403082455842
10,4.006913317662582,3.8332464177357806,4.001544846120106,2.491629178895304,3.98073715550021,4.255660500480894,2.7809607764062103,4.02015960238479,3.4498220850073005,3.9084267202692096,2.466472585648204,3.990516469336986,4.99033148515651,3.015329061416803,4.950004691392305,3.6926810000310146,2.536183711812921,2.5474943346046133,4.126557687768897,4.307894383664894,3.9273049318820283,4.00191602431016,4.960701374939026,4.076569346470905,3.8784578811184582,3.4573092231657214,3.869084356215733,2.991597653307729,4.998713660702787,5.152032735946171,3.389833364467869,4.961693653500518,3.609188659013284,3.7587350312958887
11,4.967203642395875,4.003187799290192,4.971821235848141,3.4786354036318565,4.660128136974682,4.355973229509061,2.800080277450445,4.388160122169014,4.9824425932338405,4.641958831569552,3.3934326554767895,4.279612531589468,4.153170570263141,4.970913815878934,3.6066988484612996,4.011750496023577,2.788801379738542,3.6513935405320295,3.504935107683859,4.161626246057354,4.924604023530058,4.140209090514025,3.128357899914195,4.382107689759249,4.374840770039059,3.538889315736934,4.3773879977543375,4.393058481362182,4.040944549375281,3.1735651666214086,3.1376712248383507,3.395176513292561,4.960299136490047,3.0175883966495722
12,4.996341334283004,4.306704509656519,4.982422954261236,3.9179549200385084,4.911163331133672,4.817732262988835,3.383520462037761,4.9802362595073895,4.382908394559781,4.701442309422743,3.179646171438254,4.057500649451405,5.26716205665433,3.022591516366009,4.974395122124894,4.102267129053076,3.1404675663065804,2.8880854818971073,4.713474439387201,4.394235881858485,4.6751143381622065,4.334441874057512,4.974309397285839,4.6981526527568285,4.1718684358166245,4.092696506970222,4.299486872105412,4.011212140659659,4.924627320354318,5.10884359556644,2.2783003321802466,4.9961538517992,4.3256097502655235,4.4121236404035775
13,4.001700291811623,4.401563137539471,4.222734819575004,3.573302784958797,4.874899008856278,4.17058778984254,4.927339198055543,4.072436381814004,4.24129439316981,5.018538750323041,3.6285496102834185,3.649238834308624,4.00116977421251,3.279766179921569,3.9737875833943552,3.6389494920384493,1.6005688300401777,2.533026102873561,2.612838825479299,3.662456508322901,4.752919440895355,4.007491845327546,3.0110149242048636,5.435828740452424,3.6943711408613464,3.837061743562308,4.769766094150765,3.8291384072021564,2.208929228759341,4.273293579379801,1.1882643715494647,4.273369882579128,4.408825995242681,3.95881728324535
14,4.991108049520451,4.0220751470588025,4.989701236763747,3.8366347796707405,4.987053735485291,4.668101068476349,3.747571251828875,4.677185531165491,4.6713503613624106,4.777714519427007,3.604764694221892,4.140842254426948,4.981914381198216,4.232363795112116,3.9600397260974414,4.45561193551797,2.4266513525961475,3.0664484159432117,3.9628798297343866,3.8846629599179843,5.252875048206475,4.41885374634507,3.919182885605505,4.9690717157146365,4.298860507252334,3.983744045140205,4.064763059735516,4.289043922003449,3.822450952116282,3.847799917317323,2.7787009108532654,4.464770376905882,5.003456378208973,4.789661996833523
15,4.980624239287353,4.541474673727164,5.003690160113082,4.96716214036344,4.924999777574782,4.873576205102448,3.433707159945659,5.111538771378874,4.977801105861854,4.813071028369021,4.05627597397519,3.805811831564983,4.988889027377189,4.0069637233658515,3.5690831623590182,4.274279961383047,3.215794607716312,3.657062486697679,4.267959647354376,3.856468114118563,4.775225521693444,4.2826414153248855,3.6760182581786,4.607618956113003,4.041012804279075,4.373684690925497,4.0478601400505445,4.985571182935895,3.594621602328073,3.5779042358989575,2.0055968550684904,4.073040859687629,3.935932987539639,5.068387435841069
16,4.011504898525187,3.7421466120900675,3.994231281554708,2.929985430803121,4.593979856007783,4.300961478949231,3.267736569220503,4.001467724386755,3.9884619676854305,4.5370549006430085,2.709850092802179,3.724215749209651,4.148826934595084,3.5070564624353047,4.186299397970634,3.7022800872808976,3.0558484000633315,2.9252841606255973,3.7482223564546078,4.403841386569275,4.2787913276645755,4.38157593019232,3.6943909779631636,4.3255415621818925,3.521059059347066,3.1698346572868594,3.865129028318573,3.1845028639422943,3.8219757004727373,4.974571593898507,3.6219136068392808,4.983421317080028,4.978505458056695,3.9961249441727507
17,3.999926052076215,3.9956652648764965,4.028945334575901,3.5417789227048235,4.921398142754553,4.212860973223638,2.8712695606480096,4.144963081381347,4.1838964162607475,4.553163198954703,3.0438543554434614,3.569503711296256,3.9873730260029028,3.51639458359957,3.8920294389704435,3.4312739338330456,2.509820372611065,4.054690125158973,3.1985671182717685,3.4436690387177356,4.8302970352382735,3.6579946523583016,2.5209093575915444,4.015972808541499,4.0165744417739875,3.803048971275872,3.8743359777224584,3.670626288537373,3.216545728306133,4.46447825005015,2.708531001785493,3.609495838869571,3.955836837542891,4.059651309976311
18,4.98343130122718,4.447426514371425,4.990601500680959,3.7883774380243245,4.926725309897523,4.780409268197792,3.0925213620145047,4.76944518083182,4.919905963529002,4.70510033934982,3.7326506408451596,4.541071054448704,4.991915130248083,4.98956682253687,4.03636766297143,4.683016671319133,2.7997486243639886,4.011645407962747,3.9956128853574095,3.559643330544875,5.005749299188439,4.427500186980886,3.7156676523416112,4.6866822478929375,4.973778750860215,4.294631395377437,4.314790696201692,4.638436053355581,4.403992409633816,3.6466906242230435,3.3155369784957363,3.883029326245408,4.784837616110345,4.498803617910577
19,4.912296962049333,4.98289132579477,4.4529462691370405,3.757791157033528,5.294687196949687,5.009770225680963,3.317944254454417,4.7939126281652475,4.986269048282807,5.164069288349887,3.338833940805961,4.676664575331377,4.463684976617646,4.4891962222191895,4.976048378106299,4.017116154115729,3.0071630712019726,5.039683701370218,3.6545902545445954,4.297682108004423,4.998375318739145,4.968514049252771,3.0125959489236322,5.001941558483426,4.979305680827948,4.124725733735056,5.07234728840185,4.242997363872863,4.396403671192643,4.817834212066694,3.4126269309473116,4.368424033438145,4.928319850067817,3.4720661570887397
20,4.678675903047831,4.957421863421878,4.3970903457835675,4.091811630247188,4.994700809717192,4.901399383923249,3.870982547727793,4.8007579192631695,4.623343221454627,5.033787928816281,3.9128059836457525,4.1957710098628365,4.910222664256859,4.02117786784274,4.275958997250371,4.333999381118195,2.962729842173516,3.762973512953984,4.000728246902609,4.4282481500711866,5.0195848744111915,4.677583872511142,3.997492021937361,4.983952071073484,4.264413683241472,4.458792399957372,4.539829430952779,4.395882821097658,3.614338787903631,4.862587733008228,2.9903023668012696,4.928015298334595,3.998196213149564,4.989254037042929
21,2.3424079198138763,3.9690620068133873,3.0803274526786955,3.237256486765291,3.010939061275738,2.9157462117127193,2.611795186833669,3.018660616831811,3.1404545873896983,3.4150394579221155,3.964377627852089,2.6837388861853313,3.010348734696532,3.492202355913683,1.3813500599684774,3.217538678881466,1.1683897752260046,2.606898592615714,0.9639702161457561,1.9993885650110903,2.996883579353283,2.351285119637646,1.7395081701832258,3.009961935070267,2.822202590950319,3.972535841119328,3.1734306043499068,3.9813833237696703,1.0076523929269163,2.2054100837892854,0.4862998588893557,1.0083530949864334,1.03588538699565,2.949927778255153
22,4.418920997252066,4.011094516513516,3.899018849835801,3.257637622103246,4.283452653049664,4.258473374383196,3.984889392464936,4.102114412047879,3.9999212783333737,4.4199634783490644,3.4616817203506023,3.861959792558302,4.132170546062406,3.9593895599690736,3.4472131526828345,4.262705744961384,2.196920039179021,2.7526746951480803,3.0026911638215683,3.913629355423606,4.6257542604809,4.968688824680085,3.490190401727641,4.972874542446759,3.6165302544678757,3.4836518769417286,3.9389082724432414,3.671057034023505,3.0685991443175844,3.4755391043967894,2.6208249979815013,4.8725447033385265,4.767384850737262,3.9632444564661387
23,3.8786620751281498,3.984156980535978,3.704278414086034,2.9514593257293105,3.8394944841044767,4.249677028456999,2.124058158363634,3.8403333362787477,4.10987062885609,3.842592188138,3.2591456087975974,4.072619275639716,4.677092439117238,4.985931675555539,3.2490509608402234,4.079346386343124,2.876185078228617,4.0073588441330665,3.9095047037482487,4.230686614323244,4.34025397005366,3.963267946143402,3.6534895863692896,3.505475746184703,3.9966704794466144,3.6870559452391554,3.221795065684918,3.9515515052445584,3.9867902128749924,3.7034070660715614,4.976948397266666,4.004656061263628,3.014952723261712,4.985204882044944
24,4.899604902189772,4.989842500543792,4.975828041803625,3.7598151731099754,4.991661921232287,5.033956718277815,3.596238101247211,4.999066165894822,4.642412246557859,5.008762491150274,3.7176978016895506,4.553864813953761,5.389798829661271,4.22781893582454,4.980746252995712,4.5310575332512375,3.235009968252293,3.426988037015819,4.3239470707408385,4.780386433572293,5.039871860847112,4.760692634240747,4.968527441857935,5.005389322633862,4.629007267423552,4.393908440105351,4.9783044064716195,4.292273968745523,4.96908876842313,5.086692732631289,3.1807847535522007,5.3930751066731055,4.341344494607665,4.357502748111287
25,4.215677441320451,4.975593093100154,4.019625732355789,3.6185897818913593,4.7360108031151835,4.450657235442511,3.9549665863327994,4.308113785718762,4.438971015596941,4.9815731296674475,3.806306943474179,4.061519680912864,4.004582395903628,4.099758408692883,4.000824393889477,3.8684513569027303,2.4687160114110784,3.72447032093815,2.79010693102976,4.142139162971564,4.731162450165548,4.490543988925841,3.0193882157197938,4.975730350331692,4.102568435694415,4.0891728232994895,4.9826235058068225,4.08965020932691,2.9363199361044474,4.3595360483905425,2.3851221136915863,4.292767724109976,3.999129884550329,3.4349037091007384
26,4.788384091201852,4.999745053998777,4.758691515671905,4.147141679044178,4.996115128028826,4.994803922216553,3.588071094799681,4.975608780533393,4.7463948199792725,5.015148909353345,3.9137470434465405,4.318062848825621,4.884798510177186,4.551110789620092,4.360411324024575,4.442006306717388,3.121320586269633,3.94804268406896,3.5893158199512394,4.14709595580878,4.922453966267841,4.982093736909983,3.75643850257751,5.002000496887202,4.5357923824304605,4.2587688386489075,4.967185295295225,4.414553351386561,4.172281835009937,4.132352350425151,2.811051501783453,4.9550794534882066,4.624352210545965,3.8602047953694845
27,4.463912663371254,5.0114337931224435,5.063039391202077,4.556431925145632,4.987801832556334,4.773976046596643,4.074970016860813,4.880882431310922,4.71430729835119,5.107322770595787,4.942462621564903,4.0814821976491364,5.116794248608826,4.928997388582591,3.1118193539804544,4.973304978991209,2.281311423269425,3.299489441903545,2.88305142638597,3.6107262092627246,5.322474221162222,4.396316275282033,3.650212707165608,4.99321669407593,4.288463968515617,4.989465762213643,4.501305431338887,5.0887582912959175,2.872702350452238,3.5595424079600644,2.0072781090257736,3.934682077554483,3.8036567535850114,5.0010802633844245
28,4.823723386025933,5.004368022665102,5.145513450544707,4.148994705413971,5.2260110736500005,4.849229710391381,3.595879578765407,4.88938647455377,5.212652257308058,5.165701531425491,4.099722151304417,4.551693781997637,4.7829602128949675,4.998481627507445,4.14298854121846,4.545839052613631,2.915249051932495,4.20927417141762,3.6052876344535267,3.7668762666706614,5.057287048866891,4.367020708690611,3.438508429658111,4.996219273723516,4.979011026585261,4.567205193583675,4.976811942799507,4.9762275829414815,4.076561868256845,3.935997228691564,2.5630971855686897,3.7582779407081297,4.590066017644154,4.254609144691372
29,4.662985451768346,4.976130185679707,4.844749914780955,4.060117955625456,4.990549413469922,4.8891545982261135,3.7290874217398398,4.853378427029366,4.787653931184471,5.021152788236344,4.328733380151877,4.457772617305376,5.001573218870797,4.996614004171541,3.7926154347722942,4.9732167241285,2.9037450695686826,3.8107876113722527,3.4598807155539677,3.856478127751146,5.049122935881463,4.843708273722026,3.878334984339871,4.995545917416686,4.641731930126907,4.652878647837737,4.582878870207422,4.787052019608694,3.8975883602840082,3.9922072312247527,2.8982056890989663,4.411026779512975,4.4767338041282105,4.755721785823029
30,4.064360072068324,3.929130383674322,4.972117910295442,4.097283768478745,4.977307663057279,3.81832796534715,3.1537426817264738,4.0806927685748215,5.318804612708427,4.9653606207833025,3.4424683766072293,3.5230427251847054,3.040340140302259,3.9982398501213954,2.823577610805604,3.3814511022028038,3.3676671052837635,3.595143467007044,3.2082841497861456,3.6207553916629758,4.006032739185209,3.007755821261597,2.0882798921726713,4.003145918074417,3.6261052956183293,3.635922433748442,4.011289514312829,4.965721527009671,2.996937511456308,3.523573335413673,1.0406801213528045,1.7061007663495875,4.444024200887039,3.720336831280898
31,4.431143352064146,4.202068826894224,4.992188996952548,4.2588482683067,4.686441563265111,4.38673610445243,3.1571202734595767,4.565620439908893,4.985615946637671,4.581673048130677,3.743065026091656,3.8803408044159937,4.497399370717884,4.3680664602172286,3.268478631934811,4.232316585421215,3.3314679359509016,3.5265995163976767,4.007616943101345,3.639982225813534,4.296125898389451,3.793513303822171,3.5486363757123427,4.260595778800444,4.051595653753478,4.06177200434253,3.8162821298668588,4.97570700555547,3.991016080922426,3.314201585011564,2.0051325379812757,3.3099680601398056,4.000753380829952,4.990571818160651
32,4.181432329273347,4.306191245750056,4.981254505890707,4.95736897975766,4.596804304818138,4.713583768068094,2.9338279193326953,4.907561379718829,4.627287404456326,4.499396788806552,3.9560167497078065,3.416363901517625,4.988944285605023,4.038780926436551,3.2247236641980783,4.098590153351336,3.329099542145392,3.472939431422208,3.7478991622474314,3.4172028213938717,4.001179019823194,3.9870630497431425,3.411507587502738,4.0192483139901,3.6540433635080385,4.130978402651554,3.778597571385337,4.783657933609428,3.688693486784171,3.225169244483495,1.8293497800060192,3.777153714750646,3.619384269515376,4.679121324634611
33,4.90354591970126,4.991235682450329,5.001474253456157,4.467808070215912,5.309362500141217,4.987201201430677,4.948663147909297,4.981536118773733,4.946646267287654,5.462507423496966,4.442639415224186,4.211347149635954,5.001657226502749,4.330113518810519,3.988592133206003,4.720680382334701,2.5863745939210996,3.0430575635881514,3.586934088248632,4.339701370488829,5.392286838509458,4.959024054731625,3.9999898170656385,5.7815838467225245,4.178623200166124,4.511033660629629,4.910530133466692,4.764847772987668,3.095777353887263,4.277102787491597,2.064605933580856,5.15402425311839,4.875759402559545,5.115690738900647
34,4.2308491802588595,4.38366140693809,5.005131807908825,4.7500461685629265,4.6199830320501,4.771528690582454,3.6490570322969993,4.677302267696105,4.971947202138289,4.975797292767609,4.114971500877743,3.6666926157891613,4.96250621999132,4.229316334837141,3.149062909473576,4.002886009674772,3.4768899113074503,2.9856934772774486,4.001333811695855,5.048104672040819,4.138087181946532,4.1298361411183135,3.861742943845465,4.407650813503842,3.0496962983738816,3.9693108032778195,3.872383537377855,4.977408473090302,3.2502545261338556,4.144066747869108,2.57396220550128,4.037542220199204,3.6162952839094986,5.071677062121421
35,4.468730126636227,4.636685316643712,4.996534643692978,3.4609208136132175,5.010096014894846,4.747830201200726,2.9960941486338775,4.505434371740333,4.878842056868677,4.998880900543835,4.004673805962181,4.981091700607151,4.999597683880548,4.990152911090399,3.920572404570862,4.966765380123848,2.4231159771862236,4.278304704135378,3.3321380955602833,3.5889804481682335,4.372901268207379,4.203976996709874,3.5412441736109304,4.488138701221265,4.9959596170322635,4.986604627639334,4.0093281325228345,4.999616855638889,4.23238661375519,4.979210111009468,3.292692035905148,2.0240412314568195,4.338804417902436,4.416156534145508
36,4.461461713561007,3.8499301494460987,4.980283497797759,3.741393261276355,4.2758634753537486,4.09065315127364,4.389584156526982,4.408549718334156,4.04830979376452,4.373496034322931,3.921775595298622,3.502403745535698,4.843509996095212,3.4501971744833972,3.2218299978338734,4.59211394229312,2.2818977564555363,1.0224160103053244,3.6855212457361826,3.6210793961887533,4.604679257574362,3.992637433410471,4.977057070933239,4.9645914397763065,3.4102703300420223,3.891018245436164,3.8568193576174146,4.20148599749497,3.3806949513933224,3.213773774498416,1.010478972725222,4.798471335058776,4.266106305443402,4.992462490903261
37,4.43619116554259,5.092301874461587,5.001555572801544,4.708406583168199,4.863121112035856,4.845443830777823,3.915453128329272,4.983179613288505,4.654297252485365,4.997003352717512,4.951767517135114,4.006734451289279,5.216871260175238,4.864700443520869,3.1147336932572496,4.994174948160546,2.5613575828755737,3.3376825922621514,3.054453440931859,3.5849969989344004,5.098186416253362,4.491797409656313,3.807340954792811,4.872578960190988,4.227444556459962,4.992620663056749,4.461291973321574,5.100256156784148,3.0495274311354494,3.479206462916554,2.018010638562245,4.151098874826074,3.624631790259374,5.043028430861452
38,4.245255506043415,3.604393198928666,4.953198182857119,3.619099830257174,4.966183010932682,4.004276289631549,2.905491304704082,4.221652719653249,4.510492112239183,4.583274553267995,3.151549750250074,3.5087498290288264,4.007945857456727,3.8164070141144926,3.5538894693789795,3.584617685737328,2.544451262120094,3.1729033214459994,3.2672787564942083,3.465869699434285,4.990657079373742,3.2488658773980936,2.932775532368455,4.012984715909244,3.9603540935275925,3.6008541239498144,3.9333084793098942,4.01331007107383,3.6268258596785508,3.6758034865975993,1.9297632392870865,3.261907831470117,4.490118886014459,3.8034451556208047
39,4.792921775930447,4.914526718362174,5.006022397416368,4.342773057570438,5.267538274799826,4.8582514746227865,3.2074576248874225,4.978403239513293,4.978401522188892,5.002862638875892,4.022255133068857,4.3947409651613665,5.001923056000621,4.343185469686327,4.199654882967315,4.467329046678067,2.7852651494598772,4.429405553803766,3.859926142616787,3.400233006208882,4.997583296560407,4.008468653512985,3.4757877042023044,4.618895761394369,4.992452927135863,4.943801554255134,4.467834194027214,4.9714506700625645,4.035475405017189,4.433676815306815,2.352253502948649,3.2219031730702135,3.8918216581732166,4.777462783923048
40,4.6698541378395175,4.4061886458226045,5.076125398671661,4.9792545130522035,4.189073010910354,4.542765904569279,3.986219246229462,4.9631772987043625,4.507767289330867,4.443506229211884,4.9911253969460585,3.3956520688567067,5.258122815298176,4.51550715233752,2.0503871477703317,5.234181723076068,3.2797239791653916,1.7968678358872805,4.034410605584474,3.949116023638799,4.7993281079183925,4.486108823491248,4.961116447697787,4.605721053678404,3.200949464881128,4.460764153605829,3.471205866099469,5.2282809117686675,3.033679774023724,2.3582603152260377,1.6465005295906325,5.017051426784271,3.4583233203867825,6.233336960578911
41,4.2480980240265565,4.674431345420618,4.886077682047498,4.961625432921501,4.993767594886045,4.983614613979053,3.2214591713540055,5.010872365382162,4.821604686305388,4.870611276651371,3.817040661473213,3.709224716568809,4.99027059161527,3.9107385848019143,3.986201332202895,3.9004903518496645,3.2200204630618603,4.124636387673703,3.7245867661753236,3.422291168217482,4.007757768002656,4.153771977105137,3.0104633710414967,4.408233483099401,4.063390700473365,4.2830416147021095,4.322094234270435,4.713210933904707,3.662390922127083,4.0099741468149075,2.0001408935269023,3.737372505783251,3.953008596988165,4.371198360047814
42,4.392266968246284,4.286606721142413,4.226995588229271,3.9913564704914943,5.022899792199846,4.2758766725323705,2.7257237249209223,4.410022621900036,4.655811113042274,4.55916937121374,3.2655557717483714,3.797327441453187,3.760083607451957,4.031632936643643,3.729135882128243,3.582538502154088,2.607815820916423,4.958527764641469,2.9960898111740524,3.0027338348917674,4.982970388849397,3.8941754722875075,1.9419343605677701,4.150200408214212,4.534504895098342,3.98138773207607,4.124388579360739,4.270063763609729,3.5287673511482676,3.4214249235709944,2.0139143948306084,3.0753880045689748,3.990238017857488,3.7478737746630055
43,3.7500366970973658,4.292130507691619,4.277795525617816,3.4143858002972554,4.0082527845548785,4.357509138290121,3.0526123148657605,4.142390448217291,3.9086457592584747,4.138050776236527,3.979743625688023,3.8773501718843733,4.973246358982868,4.975602068296382,3.153178987457626,4.431038274308137,2.080383270330353,3.0596854709787196,2.7405212473790685,3.4177194408586637,4.4364823943414615,4.159472591738969,3.5868163833972506,4.18590457982903,3.9908378382099774,4.004446727274756,3.987583160416472,4.015133872660466,3.3448017470838756,3.0583232733919172,3.3311236691237593,4.18929465867899,3.478533297319192,4.092631581628372
44,4.257222887672428,4.15921592049974,4.178392086724893,3.62567587811859,4.9791757694323895,4.134897606674295,3.996089839184301,4.1009891542345045,4.458164103447295,4.822324950225849,3.4878992945578333,3.728488416208674,3.6591826797989926,3.9015512516886104,3.5790136410427875,3.685283066048913,1.7514240711889961,3.6259669105619357,2.464698116567039,3.0036161459065887,4.996257638820069,4.006307995157764,2.025338747890005,4.950087829154117,4.155122433347752,3.781555058827372,4.426612614323543,3.9582640061991805,2.341459440338768,3.4839465041873923,1.7202707066148293,3.444176103252094,4.745979839015288,3.608408581493084
45,4.631247869871997,4.453501531661408,4.64095687009072,4.11679602066748,5.047703264053137,4.985815562261385,2.034067333649271,4.945177569557532,4.659570458845208,4.586668559919346,2.885399444730396,4.151174411963483,4.858950652402491,3.8508645567493254,4.966186397895707,3.623756045041872,3.4041820631409117,5.077659890020096,4.127384194637299,3.544691067672524,4.255853413912207,4.219009260773584,3.017024397916058,3.9303885508533605,4.790776267008421,4.016766022772029,4.3579038472451,4.062020656068864,4.999130576069292,4.655266794894055,3.239383272303751,3.70736539229317,4.279077051179278,3.3397284881712697
46,5.061831859602409,4.772069785335202,4.940011040044191,3.9268254416947066,5.133410309400611,4.995902058437869,3.4926992904234346,4.930814126281173,4.990207732850829,4.995643212104983,3.9849348109860476,4.693751002281181,5.038368506030111,5.103734667464369,4.120146453525973,4.9844633797767655,3.0056854500743744,4.1647389570435305,3.914884197792406,3.867836916393472,5.184527717011261,4.987944280113168,3.852079353743106,5.032696339649256,4.977763982365579,4.486051848949793,4.502839491275378,4.735923765082284,4.385597741937066,4.005067604335141,3.400383075972784,4.412349820062633,5.054382809415556,4.747885170217743
47,4.547510114440238,4.852484912980282,4.495561297767214,4.152439478641253,4.806486707438327,4.978054687399993,3.5706158029562003,4.784755221208435,4.593759571739727,4.973604023904126,4.0020722686317844,4.227154231120995,4.995568593139155,4.4298305086511665,3.977287011484401,4.392530483971168,2.959668092149322,3.87014542004698,3.548670246447938,4.699255108968103,4.809635181565029,4.975823963462314,3.805406862278679,4.788654949960898,4.003403420018731,4.298025993972984,4.3938337667878065,4.445700129970135,3.7515517664012457,4.542377175097651,3.230176634322467,4.748408276289904,4.0124994641839535,4.427073346591829
48,4.43778285488073,4.480474568002072,4.59394687622426,3.716325453495933,4.589698829879625,4.944049854792249,2.4105891480998265,4.670649286062398,4.59982704120844,4.530607166514242,3.293655781168045,4.451235874640983,5.169317712683398,4.551318893578145,4.43666858432136,4.181115250759441,3.346010829470279,4.400142812218367,4.089552773870218,4.346773556475799,4.115031677361972,4.553873256995898,3.8472188015755493,4.089991503465956,4.423580254562217,4.042063074232793,4.082920085387532,4.288931699896421,4.978630705129526,4.614806905527551,3.9910965467658444,4.007310629696766,4.009400643616317,4.004318346944749
49,4.73483923588984,4.406783724357311,4.582451314864557,4.215594089836958,4.9794991204132755,4.952528887295111,3.918833265460632,4.764172077560092,4.645326453879912,4.967456673813893,3.9496851094942986,3.9713660527778183,4.9916500891629685,4.47767179532171,3.71253025459234,4.484645913713906,2.7194661175301356,3.361647251587669,3.8429413368796324,4.0012444299836325,5.03076742893085,4.829442530708861,3.5237395463534007,5.016829325855783,4.041504424539242,4.0536425308978075,4.188020899147965,4.263657617012678,3.023210873193457,4.01999734860866,3.470478533747814,4.9941983829061485,4.984117916040131,4.995394570292278
50,4.256553514677266,4.739479656066939,5.345599931704525,4.073086558898546,5.228571059208066,4.589459320625338,3.226907908827375,4.670469181628231,4.9848362520630545,4.988892648144601,3.8480936357492763,4.163566282591604,4.972905220600509,4.48963026000516,4.3561907075877535,3.88139758645506,2.3669357175897625,3.907494522603052,3.504363861452137,3.2004899756293255,4.886151161748862,3.0431348901802,3.2045709390228474,4.477652557682803,4.976518979148311,4.607829733674367,4.97166950714431,4.745993996043505,3.821808250797326,4.19309300581294,2.1472765910849683,2.908135327049798,3.7547216342987912,4.109401952512949
51,4.222317883579789,3.6412481166549147,4.285238442002759,3.5303406091969625,4.2403311435527815,4.358954992016259,2.6873863414393977,4.246846949417906,3.9953963676823205,3.9760412051508567,3.318186091660855,3.813865213523479,4.968327238481735,4.003310194874987,3.3977296520032523,4.297884960935058,2.309657112297123,3.28699807935763,3.765080837981091,3.1996433439321907,4.2910479350453725,3.9928827275202794,3.663942974788789,3.9437914404702084,3.9781543202034118,3.928720917934063,3.0362881842263296,3.9975843307804593,3.793079870994854,3.596022110898523,3.191867949605997,3.620863588764918,3.803522700188789,4.973933725039883
52,3.845641696597652,4.1342950603427635,3.8375971310070636,2.7196717441453164,4.840530824135009,3.933855430843204,3.556501017028784,3.7186287810104233,4.138628944209767,4.947634592993536,2.6947547377305097,3.667891664716051,3.0165596615808514,3.3414051730005103,4.351620044165594,2.9079323109369724,2.4192044208591104,3.2833459201384696,2.4512870151436337,4.27200975806602,4.494310796983276,3.933356670897709,2.3309321128771736,4.556481851048215,3.6758721100025653,3.077494063565873,4.964111534609709,3.035429440239275,2.8771586183993128,4.993643130471927,2.499688962693049,4.00979409813834,4.989099764247068,1.939168491535252
53,4.48623313912472,4.921379829376114,4.943401083761669,4.296765853633792,5.009978142137236,4.754542775445328,3.7402423531167965,4.865314161384059,4.6005587995799315,4.9828189069050435,4.392615981769122,4.172321433126534,5.136796403277258,4.249437218376292,3.779809763891993,4.71618502364489,2.522524424422698,3.4857780119632444,3.4221779432882573,3.6801974860957904,5.0004000507967366,4.210075372271197,3.9902011053787034,4.791122484818308,4.428442588424182,4.958922543168542,4.379566407981131,4.855096362569999,3.6003606269190374,4.359411659872237,2.0047373863951217,3.8197089989242476,3.639190003114195,4.995983600076285
54,5.070496230087024,4.8069931936096335,4.930556124494329,3.7563483436457674,4.931248170608358,4.959834469344966,3.4182660874750432,4.786787424376105,5.1433634506443004,5.005634225959764,4.0215473529652375,4.951850898429493,5.009593285241873,5.314993139083322,4.002324222804688,4.995276643614634,3.0515552035868714,4.217110872263016,3.9458668368346577,4.392340970155898,4.930105123620415,4.992520645081622,3.9888905968975785,4.976669352990078,4.85732063390372,4.497222825974742,4.39917813071754,4.9811729207509075,4.5070826787436635,4.179004331327301,3.648752973324356,3.905258931853609,4.752214749515131,4.642677290466159
55,3.5535048346384754,3.5075336984584147,3.03043401586292,2.154658764562266,3.7252561763853436,3.5469222793958837,2.7361398087935926,3.111305604982073,3.3355001105459405,3.989632032965717,2.888894155989917,3.492112606480945,3.3425542132954367,3.961775499563216,2.9732388551429274,3.115308698122282,1.482758531603167,3.05330196513286,2.0270437699690333,4.979661359521186,4.9825927584217276,3.990042970640449,2.664188090463958,3.7036126596673813,2.9207244314224416,2.9082197301482893,3.4831373360754663,2.78506741636856,2.417823508650924,3.9973745276766066,3.9850042999843884,4.10337917528996,3.1733227527738963,2.7891668684776483
56,4.886000202711959,4.909746947156956,4.566800106719916,3.4699405328101283,5.167359058569901,4.891021128982282,3.330844640934028,4.535099770243097,5.237987450992877,5.2173154839350255,3.4345955317107757,4.949917346796205,4.442594192615608,4.991373600337109,4.724516843528924,4.030013367096895,2.827486907332676,4.98527490648321,3.636730814622554,4.739800521581798,5.002318345901495,4.701745152097828,3.0268990056930956,4.977763977482359,4.956801979331299,4.115101847137119,4.99270207033436,4.524585237301492,4.283230636441209,4.826071878399054,3.869166340475522,3.716020169021078,4.726191529888842,3.5575326681067523
57,3.275766006180183,3.3302940091334436,2.597415250686604,2.2374115700719472,3.5257056546816923,3.0908607467972935,2.3546476552722337,2.9397520170097247,2.7482766356537662,3.598560034233414,2.4481856002043925,2.8072362399931405,3.251966346958313,2.0079130661528493,3.2673517885267835,2.1078808884328666,1.1193915714536078,2.681673310732381,2.467175220187067,4.986937536828457,4.965745534514246,2.6259646524542544,2.9994169821762022,3.0063368278896934,2.4218034099992916,3.1578801568499464,3.0056086333688143,2.448341098896593,2.078564713669508,4.971082274640555,2.7211572556620314,3.511533023394099,1.026177776383795,3.19315098047019
58,4.046588318586662,4.15469234659086,4.008424748291484,3.2993864022237305,3.912121826477404,4.2713812524534855,2.721184456535276,4.037711135116111,4.217942609374222,4.073791864533756,3.5852551096242373,3.899061408304607,4.670815413115579,4.9689909123380644,3.1048347767295246,4.127743665158875,3.0528317107148526,3.440483621125396,3.7789316960916666,4.985385257209291,4.834439252188469,4.282409111909157,4.1227287677994084,3.8763294137656112,3.581366752258149,3.574580711419092,3.5807984289784787,4.095525709893124,3.988315181639158,3.4040262197126423,4.2611472458861765,4.988436732797947,3.018355974623913,4.989963835913857
59,4.523198841215602,4.51458310883311,4.339620388868113,3.1634116454344263,4.884556209408855,4.989031908522346,3.1441265077401295,4.554473762408966,4.306145400046207,4.745771595677876,3.6348502085411094,4.649216105516096,5.323337141474109,4.989702943832265,4.323662563635208,4.9734174210674436,2.901391199235754,3.9271421379948337,3.955544303144363,4.021370587921628,4.998249788312599,5.005038094458102,4.173065844341499,4.658863140567259,4.7621314769430185,4.326797927881488,4.082327273393089,3.9186808372892274,4.316230958580532,4.9714474693233,4.982820132240394,4.989972800518596,4.924457103726873,5.0003625148943
60,4.027727756652567,3.050230006630232,3.462233977988106,2.6494911270246493,3.9549631042818576,3.803732776133088,3.0154883322875556,3.3441277530038875,4.1159456726138925,3.9537581313652757,3.105961575024429,3.543595973267296,3.6621961900594098,4.979394805712839,2.227194134286012,4.003989234384503,2.263440967541457,2.888757265943159,3.5001957388072067,3.547955287939994,4.595562125806704,3.9816690889669553,2.5428031397698057,3.985069711215576,3.44793198920188,2.8476656638903752,2.828185241750341,3.4647034631941644,2.0289081387212233,2.7367371899330712,4.9794522511261645,4.002299206272811,4.973229214546647,4.981769185014077
61,3.1035611682789175,2.465471660771918,2.8962078685660795,1.753975322160421,2.772637177883246,2.710546677389631,1.406788960704776,2.449494346071969,3.2855235171567516,2.7126154068658583,2.617621507352758,3.113192065699347,2.826191045142652,4.963251964314122,1.3707395973710839,3.201191077112885,1.2868012541876102,3.0236732411788116,1.9718330121153227,2.492951838876643,3.979050102032976,2.712878656592908,1.5873179527258707,2.584077646289967,3.2932832754253965,2.419747867016856,2.3124281981412182,3.04391706899142,2.1621769348963964,1.016393190408472,3.9809490502132805,2.017568359547983,2.9858780271104153,3.001475835694998
62,4.644475142039364,3.878980657778521,4.343422261245184,2.9056491200697843,4.402705428104957,4.55656682784044,2.542237041314087,4.2160063619046335,4.590378627293345,4.370018840150495,2.883500683587671,4.413742333386288,4.5433104566703495,4.987420765860405,4.024735090606445,4.229695740811766,3.593689924459582,3.7866746169115113,4.36726315552269,4.990120202794674,4.630114104021695,4.808894308878778,4.080983383382303,4.164036155116543,4.134232251522186,3.199344307894121,3.821212247767316,3.823540867447228,4.979205242832915,4.109207160898399,4.988392528120228,4.995292965324415,4.991216613607517,4.209846034264736
63,4.121241894248262,4.324647968361242,4.553570076305915,3.903102229531527,4.186735296051268,4.2390045328454535,3.667829992089898,4.437668689936881,4.1336130260033945,4.169865044600294,4.320281987050987,3.658450959351399,4.703873414285651,4.967817989572413,2.6450387205466814,4.9732791911657435,2.646917248775827,2.665070036831883,2.9498925454947997,3.0278806325125687,4.863034699663308,4.546177337039542,3.9484948860617406,4.606488592371913,3.966683144107218,4.04469720356127,3.94455047355265,4.434754232459012,3.5116416466980342,2.004001147346733,2.021917297956805,4.979207270096041,4.0039723044531845,4.996269638961592
64,4.253506957892803,3.4867746253568517,3.9534552634071947,3.289531202720889,3.5791185954969116,3.8566053507860563,3.21431627509024,4.031059316043442,3.698129093368673,3.508433762528649,3.6301788360099634,3.524543753152471,3.974816277923074,4.651574521789867,2.1793901498812063,4.962551629362018,2.4419686386443757,2.386504004895671,2.7021293473741657,2.127494865371183,3.999678582731295,4.964198740570322,3.3574006833792245,4.383009438310236,3.7396699412108805,3.2850832566403536,3.1695066529528577,3.854474474402571,3.397886471894779,1.02659271541533,2.007387851464306,4.4352076481706995,4.988103169695881,4.001689995085334
65,2.8527526209687695,2.205309048414365,2.4838265460404223,2.389964771161721,2.5654661176391413,2.4981547357413865,1.683134594569899,2.741143694505598,2.6420732959423567,2.2968204031550656,1.8914976817499192,1.85258158918818,2.3706542056674706,2.650976060733109,1.7045372441591793,2.5707206158620335,2.9687032672766196,1.8233178748073786,2.880795621415129,2.01083974213569,2.983656564690169,2.7830572638974167,2.363985252670512,2.428061702489675,2.174072639751074,1.7015782624192173,2.137758488797289,2.3057034085448094,2.5714275533300466,1.012283132845397,1.8404933537179355,3.9838307267917976,2.9982349173572436,3.189402442471563
66,3.3484141207685676,3.069403082720955,3.0907112673634747,2.9555383440552205,3.222520924991001,3.3601376404331402,2.2417869238650403,3.1924065813442417,3.834120995602029,3.5611807280215735,2.356481349733245,2.7493545734736418,2.9384006400804368,3.092308239790349,2.4012146763094724,2.6514478516214917,3.970369496235475,2.49977983986636,4.0017278248932975,4.969902774378348,3.0066677774588757,3.3718553381383,3.223598396428837,2.9246143589915774,1.9097699824679966,2.215352614315438,2.6209471692479305,3.347881707554752,3.0082665649207345,3.5664776031936665,3.28030329365467,3.952597103051759,2.950507663873621,3.986682506184928
67,3.877252917614099,2.544819236933748,3.17194211417401,2.3190854348498204,3.782009730595046,3.246636764942449,3.374946949136375,3.269396655149375,2.8798291161950087,3.314473076903784,2.5622493506012085,2.7438618747702948,3.401263028509473,3.2661037562473245,2.671937721870183,3.6620882434271036,1.0192329235984918,1.6847779138015222,2.5666582232809945,2.016216195780354,4.98560562986905,3.808842705452853,2.668102073662864,4.182219349114502,3.3709071569123887,2.5393715778733075,2.9246663798596693,2.256804470880819,2.009413970809848,1.9239867052660011,2.5292106728974644,4.974518727878965,4.9659859552301775,3.992303075801523
68,2.2544920328246403,2.2635449127032965,1.9106243949775317,0.9279412333715364,2.4081339039192473,2.3517060530168417,2.089758568296314,1.884309721435152,1.9011596003186064,2.9552236237846445,1.2956381551051988,2.2965072942693117,2.209915852746576,1.1434558640522283,3.0121307933982435,1.3037883410735434,1.0120416924117346,1.0181862696434012,1.807696188662837,4.971370038436865,2.735055245214685,2.4593881706284675,2.7599428913188193,2.4917071001372015,1.1421274203429317,1.6346002648208102,2.5450829844755622,1.2074926686697947,1.8039211969233533,4.9635356997132725,2.6793201240837305,2.9934264712379908,1.8523529071895979,1.0120935181373163
69,3.9555104351766803,3.957103114207294,3.4933391324789396,3.190571147457619,4.064575029657675,4.053871949874018,1.3723352532546518,3.8417505659582725,4.692157600105146,4.182281743708518,2.0235530165085542,3.7042074777237266,2.8072725546335926,3.7530182630247233,3.9079776705011664,2.5038386527410617,4.961267818530077,4.965476197857039,3.9926124801536416,4.982913570628122,2.9995437780133964,4.017464749887311,2.2838020491061237,3.033865028816895,3.3101755975132177,2.5149822755308873,3.9169063870738086,3.683065514451538,4.646403336393875,4.368034278417531,3.780192504542361,3.3137319915081886,3.9001429596798265,2.024406526515125
70,4.250348362903287,3.7177220268720093,3.4320695399385523,3.2336419715128986,4.176688392798495,4.272178816329476,2.1486997529371368,4.050071206839297,3.9566883036763083,3.847420342335084,2.338499748771689,3.6465750533575165,4.4631589018091,2.862317536675752,4.331844328627592,3.1628645405598603,3.015771143161103,3.978555432872106,4.953591497279735,4.013620338188376,4.004318497892484,3.5082072138475433,3.648213082628459,3.494985151611593,3.855290341810278,3.5352786438942623,3.083202651283714,3.4306517728163537,3.9946043752960616,4.973448980762414,3.99877342199805,3.989734713471,3.014357184878629,4.996129500573013
71,4.25659381270115,3.9427021676842138,4.156654937777166,3.0661662936152014,4.4138404716650825,4.028960452005561,2.5529167551619487,4.0645503181589895,4.164615002005943,3.9594510540239223,3.153180887783302,4.047339753026601,4.220323949084069,4.373113096279219,3.696205745469464,4.116884921362844,2.0003211371126324,3.9991638033815535,3.2348974030346245,2.226664360293249,4.584334802864016,3.6096872472693216,2.8265442790569764,4.060977003420027,4.942217172113915,3.980513023390116,3.825869134495802,3.9386303683239112,3.8558971983051094,3.003841359290557,2.713195511460807,3.0015752247212317,4.073910747368562,3.994924519641247
72,2.5262683620387176,3.343043832214617,2.955668347235751,2.528913885609512,3.4896518778966565,3.3473963516710348,1.820039735506747,3.0757841988302608,3.3666318733645593,3.7143492026699083,1.928064710716022,2.8389496029995844,2.7136064618122453,2.339362941059369,3.351030736399154,2.3229361959832433,3.956172992696767,3.0009011066465128,3.0178565003534072,3.999538365707684,2.003723228397165,3.097855177101264,2.5938167295646646,2.6457028603880577,2.2538493721515467,2.496096971820687,3.123290683157242,2.826548657645067,3.4578158314462812,4.963585732141228,2.5574955355233326,2.849659022220725,3.05669491982019,2.3153587470641535
73,1.8806962901874007,1.5465624158651898,1.0193722248309984,1.0696521880682581,1.5796688379109378,1.7113492926621243,0.909450966420421,1.5424444570274694,1.3502412829894606,1.4375887218536376,1.3689561480263626,1.412006725450427,1.9378148151160812,2.078727533419575,1.1670409868848954,1.6120562319310332,0.987549292128119,1.5848454624732429,1.74976542364775,2.013877622676312,2.976942161250554,1.7793435350710336,1.566218316988568,1.4592336990374821,1.5454287674777845,1.3813070661034659,1.2265787805592807,1.0983812334207577,1.008620709956669,1.327564629708644,2.977371888360443,2.989005751717186,1.016538063518106,2.5593267945377343
74,3.805136064527633,2.8704543755041696,2.582369874396932,2.1256282552995884,3.181560161562753,3.2284225529626402,2.8663377397224203,2.9542651634782247,2.8655989810342044,3.3366626960783874,2.363575244264626,2.8496862094987736,3.381676493110593,2.800600161253793,2.9128188010098235,2.590887518474435,1.03218502853744,1.9934067687392285,2.9832156296082983,4.971701794159155,4.99515318678331,3.5613416454574383,3.2826787796401335,3.5960295458632574,2.375392752010714,2.3693972193447044,2.8509068688144,2.240349372035806,2.008210596124448,3.4680289601512873,3.67563723008491,4.978052889027054,2.5926027591066236,3.600376173081589
75,4.471915243715153,3.3508386745287577,3.7278292414044207,2.6447243414392916,3.8271875018637806,4.17673096554877,1.8963963360878995,3.8948591060450557,4.163978537646058,3.753473501086911,2.1172608013304086,3.879474103497684,4.1256900182007055,3.9565734693281303,3.9833993785937016,3.4828827160560922,3.994579360825188,3.4329462569452325,4.980585150446507,4.992950513713842,3.920751959999613,4.295930004262099,4.161463340914849,3.4835451066309426,3.5312638558075498,2.5880100154886225,3.2242910325480567,3.265597465678103,4.980356393177668,4.119261999935136,4.984666660474998,4.992852363979116,4.342610208775665,4.006473640602824
76,3.5913479652364613,2.734841822463698,3.440186845908377,3.140171308077631,3.383719255143587,3.3856227025340755,2.148140069904608,3.4502575840747878,3.8771614702624353,3.174057017860711,2.451379419954727,2.7386655758727705,3.2876607849503285,3.661072469207189,2.107885561508043,3.474206453100058,3.970311321295551,2.5610051649785133,4.281462896106095,2.920192549424581,3.1476511464510613,3.399319822887948,3.097735077074586,3.0487728857706853,2.7858998657278082,2.3821285177476157,2.2723771790082514,3.528705935425567,3.3806807400620427,2.011739222519994,2.995050756794029,3.9998373232905937,3.9891126030810593,4.977306113216605
77,4.16405743153355,2.241986296756455,3.2038463971957545,2.366717332032636,2.930017627448572,3.1710503812034108,2.4796487296135914,3.111942782682048,3.437106975850588,3.0590577929083405,2.1129448750210407,2.7105566612401586,3.5279661422145936,2.8785137903598357,2.3721790903295066,3.000711065671059,2.998933624608466,1.0299147045827555,4.966905696396149,4.978178402614315,3.992758795440091,3.2238165301244877,4.489628878107204,3.173725261321329,2.0074327338943783,1.9389041740068864,2.0263848781594773,2.821409031496176,2.9641611786526476,3.0050906698810214,3.990965861878226,4.999278374423594,3.3652341198557294,4.99023402798655
78,3.0974586219407887,2.3621610216834314,3.066485786265785,1.9816639331274095,3.0617606593572018,2.5206868212924616,1.9046778366802686,2.804877772186776,2.4958184819828726,2.6098716768651777,2.02915004647214,2.496162513488275,2.9168863822842783,2.3962567001465067,2.5883698369595547,2.7104187869967675,1.0098597965068914,2.0037641618722404,2.0026767797824836,2.005284598941643,3.9700223885849466,2.4382826551796346,2.5444540777792852,2.8150058795317197,3.0262789972618553,2.5545125049995985,2.5159829097976134,2.3587920638556117,2.970186581214765,1.9827092278161562,1.0104326448834773,2.796919784197566,2.563503900512187,2.626268873454833
79,4.434443410316028,3.133876287746255,3.5273481647532607,3.2960685812505104,3.806594708141312,3.655270575703956,2.3934151543049946,3.655151439733959,4.425670701593809,3.8889459056759326,2.4294474147147245,3.0634753709592384,3.1838876409775954,3.1801853192549423,2.7917054741415623,2.8219761357461497,3.9756871057416148,2.8309295893322908,4.965617577161201,4.982423030544519,3.9883507613450058,3.3333251229696135,3.357511107821422,3.337156884758101,2.6031363386623076,2.521824927404308,2.8382662692380647,3.689373269467468,3.019867187444928,3.6765318888810614,3.6082821923418575,4.007195137155688,3.585327012518103,4.553140759111352
80,3.6910604144789287,2.355136085380716,3.9526055548009835,3.093178194656181,3.18485570449809,3.2407875148233547,2.172792172516101,3.792712064611844,3.4269696838643995,2.765239555433171,1.6969429686527029,2.3169947741382115,3.3517057833471493,2.18859425541248,2.989640380986814,3.4429962268807306,4.9670546375431135,1.0268369093741858,4.974218383237876,2.0208751608114084,2.002574694437234,3.4229397743175443,4.412457135520526,3.118367761624493,2.6341781534296915,1.8396101365360296,2.547549305308303,2.9573481218969646,4.973105934788985,1.8203399754251643,1.0183274537507017,4.979269354608075,4.984908917363802,4.001102203251525
81,4.1890007785055925,3.1935245388633073,4.369908048254855,2.4626182858008754,4.290549804477838,3.859386068453949,1.8525185346933803,3.6491353884352056,4.571872023705192,4.127135161693448,2.051306824435157,4.258841561537202,3.4404959339659063,4.005984633378812,3.979269400719109,3.367380653417654,3.0088673894116744,3.990144227529632,3.589293513910439,3.978366460356566,3.388290745376508,3.7034695870880157,2.7602245821476585,3.525927806278976,4.068969966942116,2.8953037806511435,3.4108426081338896,3.7700581406871927,4.965740308374662,4.170338117062401,3.271765819737883,2.027069352683167,4.972870146283749,2.552609035906853
82,4.165451761511056,4.075356425331404,3.813972270619347,3.382525621899148,4.419556632688476,4.086620272747609,2.7831402875753484,4.093491954836276,3.9358404943000282,4.127685537050633,3.4090497656079637,3.733663635255653,4.089330509971534,4.0463827667379775,3.3654169790379997,3.933902246239688,1.9997308650867964,3.9840341847870744,2.790618952626368,3.008456074421369,4.982045370781146,3.9867071149158693,2.679866392826924,4.063253441131879,4.234789149739769,3.9815806152558264,3.712668833455567,3.80429361777374,3.1777726806888933,3.328727704736177,2.628666029278022,3.590724406211948,3.5376001833605963,3.9842632289380617
83,4.322228783200103,4.202829049916646,3.556499039346257,3.3782053175632494,4.533797528863898,4.6255790790125495,2.418665597943279,4.246627941452872,4.314657923027451,4.205932807360286,3.054442988512968,4.061214002685599,4.495207016323519,4.777265761348245,3.866306882891792,3.9821591695379914,3.1552057957502706,4.962225368103791,4.0040830648873,4.007122688414153,5.000358283838872,4.663135609002319,2.9761379265990846,3.9918982193713517,4.387207605512316,3.6236241168427616,3.633352766503042,3.7229067307905948,4.000625120275249,3.87291093353908,4.984842341232138,4.981723862495834,4.000267256203235,4.988377254709269
84,3.2430985913877524,2.905763175582917,3.010551335256637,1.961135967411787,3.128477153994011,3.705053863678858,0.8912191908055851,3.1140655007919844,3.688136846688052,3.13402174810671,1.394007940244286,3.7036128246040536,3.3926731699198687,3.8230849157990727,3.6903420629502937,2.881211995687962,3.8082621936513195,3.980887844593078,3.998424674385039,3.9893623869014485,2.0264296566443423,3.8315652539553398,2.859555337399359,2.5631293955091303,3.2663245180512455,2.0664244748146996,2.655458240720173,2.837180372104994,4.973049751734806,3.91069632066593,4.978250977760905,3.139754984120501,3.9907981003529627,2.6767045687031255
85,3.8540635874814977,2.7901073266939953,2.97903394407377,2.5240500482295842,3.048945045171694,3.2941017546978197,2.3852350153667667,3.184598853519963,3.4057726247729456,3.2373070666734716,2.174785161384728,2.7850831032052352,3.2208091219759427,3.025020373226234,2.6897123377634893,2.7265397274733094,2.9520561788294795,2.0019969223802687,3.9830108244095905,4.9713709512909,3.930015762738187,3.6240628358858813,3.6768639074249854,3.2320942352894453,2.16950552049808,2.001699487011293,2.6871199565935053,2.7567448455567694,3.0769637764883497,3.009700886059188,3.558168747441336,4.985233277767756,3.1267521960144595,3.789211020812052
86,4.045580464757799,3.9003652678261846,4.2459585873035435,4.233515648272698,4.431665883118541,3.9610800418986654,2.618332340304739,4.308593293760449,4.4869556783034295,4.018008731606799,3.043899598534529,3.2947492623174197,3.9031525774688776,3.1177105336961954,3.3462150311716403,3.4532182580543562,3.3032334539956714,3.968445322498216,3.9845446204056545,2.9924044049831986,3.9072612219424383,3.2845095074172157,2.9805240462073774,3.6667063148831103,3.7907544476054644,3.8075612929883764,3.2808200452082796,4.512134588663315,3.9879593637684105,3.214126149530811,1.0311246693071432,3.001178223578839,3.002349216614944,4.9780936032703655
87,3.4689215953737143,3.368210840614714,3.647359985801685,3.1251403648211507,3.958435385836156,3.2237599956890555,3.686734796596303,3.3874087869769274,3.442682925723693,4.022129965294562,3.3308526651560046,2.750171692964035,3.2117001710443542,3.0409733602728672,2.347838207520723,3.25156531719869,1.4902211694007985,1.9610980656871384,2.0296588774043856,3.9691478486761405,4.98402546246829,3.4147627573467645,2.9022608560931453,4.024030434803831,2.5292083467621325,3.166796387263548,3.2937016470404443,3.3794804465022668,1.9914372191256586,2.9991224662685454,1.0238015984388207,3.9950831961603153,2.9871226080074993,3.9753745487610668
88,4.2157255641207785,3.224550130672598,3.380588579793331,2.2725981851456516,3.834754709251909,3.904222274808769,2.0730539743376784,3.6125182946398464,3.559283690694059,3.5274467018846076,2.461677098336263,3.7262984062199918,4.168008185990261,4.278824267013304,3.521995396416913,3.7259935777049753,2.5033356036661476,3.3870236466143813,3.818540607547274,4.0092891675796345,4.980049832582512,4.111121513475356,3.5671669521405627,3.562211205035435,3.857605023089884,2.8968543793485106,3.0927339060907633,2.856563026163553,3.98336086109374,3.422438372726701,4.975077129052239,4.991075966129905,4.001018254248656,4.187698598285043
89,4.350457747023858,3.129452150137464,3.32203074671393,2.0534596502787488,3.9596855605703225,3.607551855308904,2.8308687043745477,3.347142844263655,3.646052044093172,4.07023185458169,2.2291259132183137,3.476140448580413,2.960722202195547,3.6473219228275715,3.5425192378817436,2.9559199438114465,2.254473300644118,2.629304313757382,2.89518072320289,4.98180757122078,4.980685946199172,4.349568471376401,2.860884419763174,4.061843299005547,3.063770602346379,2.1544835929557395,3.861562212643497,2.4112295405947246,3.006294412317448,3.747445225403047,3.9934790909902693,4.9858537192111605,4.975062075300268,2.0250302357343473
90,3.2294131516898,2.506963958884606,3.455596860871403,2.192850547889629,3.302226448900656,2.871432876218781,1.881668379486189,3.1243618484053868,2.9874051888865507,2.9075695569665965,1.7386784666035675,2.749057925821631,2.804843250040896,2.5342638691005033,3.1166127145579523,2.858823860861141,2.332345997865797,2.2476850918123525,2.5087212049891106,2.004893423397701,2.988483378458289,3.0384481549032145,2.6144566822940267,3.0216618753811484,3.1635134287024287,2.24070197980758,2.931810615392309,2.5350947870025218,3.967683079049485,2.241959735153467,1.0148846833887204,2.9946274108735667,3.9827320592271755,2.0079623217266445
91,3.646840854801128,2.792156033077885,3.0767598173382162,1.781975730281837,3.6232834091927018,3.468134899663995,2.2624921370895787,3.0612731254685666,3.3645707339238204,3.6602999300970342,1.7286984484871475,3.353383866935814,2.926819373733459,3.248410252568229,3.5937304710366536,2.8396107212026793,2.56534270569182,2.645504763019701,3.0410100824260655,3.995504793945571,3.464184074240136,3.943605758047922,2.6525731465805973,3.5046010330525172,3.004926767129098,2.012184650226165,3.2963649017569088,2.2285971570885668,3.340454248067115,3.9872564909244312,3.988159304346371,3.9905968853449387,4.971699047499436,2.0150955369333987
92,3.1618802587292936,2.9142363120947445,2.8364552287248155,3.028825509168118,3.1492142160310497,2.725095396214866,2.8059182957685334,3.078654844184232,2.6454726480610344,2.9053149168819026,3.0473430549364577,2.0327197177683916,3.3560680993056704,2.331640202336293,1.797245344286789,2.8275468265806025,1.1230696582591981,1.757564197394584,2.5172073944869586,2.9943211189022443,4.969785729466482,2.4002826227884726,3.0544156709378787,3.076030102723212,2.3301521655458894,3.1397329535771323,2.3030801109280437,2.9634040646721505,1.5855775869423303,2.0542066810418285,1.0166447635534601,3.9899639714701367,1.0217405954020404,4.975146401937322
93,3.352632271963558,2.711694517823077,3.2266178121732896,2.5731010235775273,3.940981308683383,3.191879879343143,2.5628252122505715,3.1594844320166997,3.3039725327239062,3.465835323457375,2.35114849500841,2.8211147476596197,3.116327670222323,2.943148126142316,2.7534201634347832,3.1243924747957728,1.7367666455268642,2.771875487253861,2.7560803055739433,2.016212037364264,3.984428102426458,2.9125338693140925,2.0135642071760995,3.402932331489437,3.3596573572860606,2.897171793302842,2.646730380835889,2.850669587481531,2.3041178279686014,2.9822097968980867,2.256806309337588,2.88357063833745,3.981538077479666,3.981353241123728
94,2.8472822364655466,2.1444112669613418,1.7107921556520551,1.5496405191658509,2.011580334954842,2.731787034531137,1.4629855821698932,2.3006251825548065,2.2581941938976167,2.1062754569342195,1.825496391923837,2.312519411914978,3.0997454597935916,3.328872751179509,1.8142320129745468,2.5404682495645594,2.075918712484564,1.9488575659945577,3.2638476418405022,3.9895420070347947,3.6061949501801744,3.215032150297955,3.0947887239828584,2.2829189000100447,1.8745409580113785,1.5584835521692544,1.6426953270635443,1.7891040293220666,2.3028813446472247,2.014201047206872,4.9699291532274605,4.978949037926696,2.0127873836946306,3.9898242124055945
95,3.6058795891717788,3.862632976683752,3.077091989366212,2.6636443955734794,3.604646478932443,4.236937393612219,2.7650984308604123,3.7012064095928987,3.4523819913176945,4.016341533815831,2.502428157864876,3.681026257142455,3.9214893958935346,3.224953946308293,3.9671390929877126,3.433930777395986,3.2700453084058902,3.0137899285653194,3.4345730895517796,4.991305776577191,3.022277737027512,4.9621355682134105,3.759111508689546,3.898307755929708,2.8020467446174013,2.8203766070825442,3.534448444859327,2.8791626304722424,3.8764883360618114,4.978053189425362,3.9972025104628326,4.986846834402829,4.000798280875013,3.0030104966133515
96,1.199927145689878,1.3985949348590228,1.3752680615678343,1.91195552334683,1.2622812568680177,1.7180239433782438,1.5442180253570663,1.734720586363864,1.3458537812208518,1.2216438735894561,1.4315715699254208,0.854743897133984,2.2562046189353016,1.1351946610113381,0.8617274851071395,1.8793493560351038,1.8862647898414846,0.45274005820686747,2.434004003812754,1.232380029819501,1.0270271490128942,1.6877164842429608,2.379336515073507,1.5109453331533973,0.795456617436134,1.3399654147953268,0.6295658911698694,1.6307720594849304,1.4278723507245863,0.99809452193341,1.0069040173611057,2.977739947879436,1.0043782846607785,3.9636361277789254
97,4.130616651401927,3.660938509077927,3.9770997541337314,2.9588079690619207,4.3462176092672795,4.22775508736189,2.874069069145832,3.925229331307274,4.096012976697255,4.294836352756402,2.9057963751093063,3.8954318677635307,4.461155367808614,3.6537831643932894,3.77442025379267,3.88596111240011,2.8641610699848403,3.0822587569800306,4.251654354484627,4.42745857942004,4.245465560356308,3.896851860946903,3.9866069934880346,3.95402552134088,3.620073143496989,3.595624218927111,3.208038351384291,3.674171596740955,3.764825607206479,4.977101222887786,3.991724824498156,4.007235170721091,3.9921169109242345,4.982176373964057
98,4.394635204535069,3.5826509148803165,4.2115861660552145,2.900242875748247,3.901097525227998,4.246080226805345,2.5202196075599237,4.139144162439863,3.9577373232154045,3.79195530053784,2.877372523364427,3.9676641560113115,4.875989456135269,4.046234963374465,3.7590350516173454,4.331546540117278,3.3485758991421837,2.7156392748444453,4.669339295427945,4.357778170022611,4.2096169990839565,4.289258108728042,4.970788075603732,3.8608800956661806,3.771733305805412,3.3824176407041335,3.1668539567655656,3.6840597846944014,4.980747443814807,3.8996493044417857,3.991191489384087,5.000412788402454,3.9983315284260774,4.991144913698452
99,2.803199974526768,1.8741884313944115,2.0152559969171797,1.5881897706062387,1.9809035107962023,2.4328933767387895,1.8367890360684072,2.375677366298129,1.9861628413834895,1.92482474397735,1.6848524611717441,1.9406900145826123,2.697291482041088,2.733114892664806,1.7812365470294116,2.648409752514403,1.9853177580420145,1.0199397218906059,2.70826117830282,2.6199517131628625,3.1228862098228265,3.225840644281102,2.988211593894645,2.568908231671217,1.8908290266113188,1.2907607664870089,1.9131681922683361,1.5433087037308681,2.4154531695349712,1.018596748442988,2.9896213060043886,4.971046031432186,2.9924954393407357,3.002542195356779
100,2.9960203935137573,1.7624890151730965,2.557925731707029,1.8871747493280964,2.6313062354733927,2.7930194477877284,1.3332005616814588,2.536147458996025,2.8492108190730234,2.301110424411516,1.7047776888790724,2.6005495656364115,3.244451910122286,3.1443494698295757,1.8668127769388951,3.058476311697096,2.362840954360784,2.2719922182811794,3.8194319738407763,2.646605612424208,2.93500062221507,2.7248185759769163,2.88858411684553,2.23946741408561,2.5126193520695885,2.068375703423856,1.0192125615812053,2.5795444409861275,2.9869127577501184,2.2698063642084096,3.9821600783070523,3.0063831885405334,2.992034174718412,4.970099501740912
